pos1_idx,pos2_idx,pos3_idx,pos4_idx,CM_phi
1,1,1,4,1.5707963267948966
3,4,4,4,3.141592653589793
1,1,1,2,1.5707963267948966
4,3,4,4,1.5707963267948966
1,1,2,1,3.141592653589793
1,4,4,4,3.141592653589793
1,1,4,1,3.141592653589793
4,1,4,4,1.5707963267948966
